{"cameraMode":{"drawMode":0,"name":"Shaded","section":"Shading Mode"},"sceneLighting":false,"audioPlay":false,"sceneViewState":{"showFog":true,"showMaterialUpdate":false,"showSkybox":true,"showFlares":true,"showImageEffects":true,"showParticleSystems":true},"in2DMode":false,"pivot":{"x":0.3978700041770935,"y":-0.6293888092041016,"z":-0.22815001010894776},"rotation":{"x":-0.7081668376922607,"y":-1.3156892464394332e-8,"z":-2.5796458658078338e-7,"w":-0.7060451507568359},"size":5.43795919418335,"orthographic":true}